time,mosi,miso
0.000001250,BC,FF
0.000004375,00,FF
0.000000000,BC 00,FF FF
