time,tx,rx
0.000000042,48,
0.000000125,,65
0.000000208,6C,
0.000000291,,6C
0.000000374,6F,
