time,mosi,miso
0.000000042,88,00
0.000000125,00,E4
0.000000208,A5,3C
0.000000291,FF,01
